customer_cluster,reward
0,36.87012194629518
1,38.45632555513737
2,39.700992509363296
3,40.80157077072225
