category_cluster,reward
0.0,36.62700580046404
1.0,38.94389210964182
2.0,38.77425015634772
